title,date
,
Skateboarder suspected in Saturday stabbing spree facing multiple charges: EPS,"Jul 19, 2020"
"Update from the Icefield: Victims in critical condition suffer from head and pelvis injuries, AHS says","Jul 20, 2020"
"Three dead, 14 in critical condition after off-road tour vehicle rolls over in Jasper National Park","Jul 19, 2020"
"Motorbike racer, 45, killed in accident at Castrol Raceway near Edmonton","Jul 19, 2020"
"'Pandemic fatigue' setting in, says infectious disease expert","Jul 19, 2020"
"Beachgoers respond to new Sylvan Lake overcrowding measures, officials say","Jul 19, 2020"
"One dead, three injured in ATV crash near Rocky Mountain House","Jul 18, 2020"
,
Thefts at Alcanna liquor stores way down during COVID-19 pandemic,"Jul 18, 2020"
South Edmonton home where man died was being rented on Airbnb: neighbours,"Jul 19, 2020"
Police warn about release of sexual offender,"Jul 19, 2020"
Update: Police arrest skateboarding suspect allegedly involved in stabbing spree,"Jul 19, 2020"
title,date
,
"Three dead, 14 in critical condition after off-road tour vehicle rolls over in Jasper National Park","Jul 19, 2020"
Skateboarder suspected in Saturday stabbing spree facing multiple charges: EPS,"Jul 19, 2020"
"Motorbike racer, 45, killed in accident at Castrol Raceway near Edmonton","Jul 19, 2020"
"Update from the Icefield: Victims in critical condition suffer from head and pelvis injuries, AHS says","Jul 20, 2020"
"'Pandemic fatigue' setting in, says infectious disease expert","Jul 19, 2020"
,
"Beachgoers respond to new Sylvan Lake overcrowding measures, officials say","Jul 19, 2020"
"One dead, three injured in ATV crash near Rocky Mountain House","Jul 18, 2020"
South Edmonton home where man died was being rented on Airbnb: neighbours,"Jul 19, 2020"
Update: Police arrest skateboarding suspect allegedly involved in stabbing spree,"Jul 19, 2020"
Police warn about release of sexual offender,"Jul 19, 2020"
Thefts at Alcanna liquor stores way down during COVID-19 pandemic,"Jul 18, 2020"
title,date
,
"Three dead, 14 in critical condition after off-road tour vehicle rolls over in Jasper National Park","Jul 19, 2020"
"'Pandemic fatigue' setting in, says infectious disease expert","Jul 19, 2020"
Skateboarder suspected in Saturday stabbing spree facing multiple charges: EPS,"Jul 19, 2020"
"Update from the Icefield: Victims in critical condition suffer from head and pelvis injuries, AHS says","Jul 20, 2020"
"Beachgoers respond to new Sylvan Lake overcrowding measures, officials say","Jul 19, 2020"
"Motorbike racer, 45, killed in accident at Castrol Raceway near Edmonton","Jul 19, 2020"
"One dead, three injured in ATV crash near Rocky Mountain House","Jul 18, 2020"
,
South Edmonton home where man died was being rented on Airbnb: neighbours,"Jul 19, 2020"
Thefts at Alcanna liquor stores way down during COVID-19 pandemic,"Jul 18, 2020"
Update: Police arrest skateboarding suspect allegedly involved in stabbing spree,"Jul 19, 2020"
Police warn about release of sexual offender,"Jul 19, 2020"
title,date
"Update from the Icefield: Victims in critical condition suffer from head and pelvis injuries, AHS says","Jul 20, 2020"
"'Pandemic fatigue' setting in, says infectious disease expert","Jul 19, 2020"
Skateboarder suspected in Saturday stabbing spree facing multiple charges: EPS,"Jul 19, 2020"
"Three dead, 14 in critical condition after off-road tour vehicle rolls over in Jasper National Park","Jul 19, 2020"
"Motorbike racer, 45, killed in accident at Castrol Raceway near Edmonton","Jul 19, 2020"
,
South Edmonton home where man died was being rented on Airbnb: neighbours,"Jul 19, 2020"
Thefts at Alcanna liquor stores way down during COVID-19 pandemic,"Jul 18, 2020"
Police warn about release of sexual offender,"Jul 19, 2020"
Update: Police arrest skateboarding suspect allegedly involved in stabbing spree,"Jul 19, 2020"
,
"One dead, three injured in ATV crash near Rocky Mountain House","Jul 18, 2020"
"Beachgoers respond to new Sylvan Lake overcrowding measures, officials say","Jul 19, 2020"
title,date
,
"Three dead, 14 in critical condition after off-road tour vehicle rolls over in Jasper National Park","Jul 19, 2020"
Skateboarder suspected in Saturday stabbing spree facing multiple charges: EPS,"Jul 19, 2020"
"'Pandemic fatigue' setting in, says infectious disease expert","Jul 19, 2020"
"Update from the Icefield: Victims in critical condition suffer from head and pelvis injuries, AHS says","Jul 20, 2020"
"Beachgoers respond to new Sylvan Lake overcrowding measures, officials say","Jul 19, 2020"
"Motorbike racer, 45, killed in accident at Castrol Raceway near Edmonton","Jul 19, 2020"
,
"One dead, three injured in ATV crash near Rocky Mountain House","Jul 18, 2020"
South Edmonton home where man died was being rented on Airbnb: neighbours,"Jul 19, 2020"
Police warn about release of sexual offender,"Jul 19, 2020"
Thefts at Alcanna liquor stores way down during COVID-19 pandemic,"Jul 18, 2020"
Update: Police arrest skateboarding suspect allegedly involved in stabbing spree,"Jul 19, 2020"
title,date
,
"'Pandemic fatigue' setting in, says infectious disease expert","Jul 19, 2020"
Skateboarder suspected in Saturday stabbing spree facing multiple charges: EPS,"Jul 19, 2020"
"Motorbike racer, 45, killed in accident at Castrol Raceway near Edmonton","Jul 19, 2020"
"Update from the Icefield: Victims in critical condition suffer from head and pelvis injuries, AHS says","Jul 20, 2020"
"Three dead, 14 in critical condition after off-road tour vehicle rolls over in Jasper National Park","Jul 19, 2020"
"Beachgoers respond to new Sylvan Lake overcrowding measures, officials say","Jul 19, 2020"
,
"One dead, three injured in ATV crash near Rocky Mountain House","Jul 18, 2020"
Thefts at Alcanna liquor stores way down during COVID-19 pandemic,"Jul 18, 2020"
Update: Police arrest skateboarding suspect allegedly involved in stabbing spree,"Jul 19, 2020"
South Edmonton home where man died was being rented on Airbnb: neighbours,"Jul 19, 2020"
Police warn about release of sexual offender,"Jul 19, 2020"
title,date
,
"Three dead, 14 in critical condition after off-road tour vehicle rolls over in Jasper National Park","Jul 19, 2020"
Skateboarder suspected in Saturday stabbing spree facing multiple charges: EPS,"Jul 19, 2020"
"Update from the Icefield: Victims in critical condition suffer from head and pelvis injuries, AHS says","Jul 20, 2020"
"Motorbike racer, 45, killed in accident at Castrol Raceway near Edmonton","Jul 19, 2020"
"'Pandemic fatigue' setting in, says infectious disease expert","Jul 19, 2020"
"One dead, three injured in ATV crash near Rocky Mountain House","Jul 18, 2020"
"Beachgoers respond to new Sylvan Lake overcrowding measures, officials say","Jul 19, 2020"
,
Thefts at Alcanna liquor stores way down during COVID-19 pandemic,"Jul 18, 2020"
Police warn about release of sexual offender,"Jul 19, 2020"
South Edmonton home where man died was being rented on Airbnb: neighbours,"Jul 19, 2020"
Update: Police arrest skateboarding suspect allegedly involved in stabbing spree,"Jul 19, 2020"
title,date
,
"Three dead, 14 in critical condition after off-road tour vehicle rolls over in Jasper National Park","Jul 19, 2020"
"Motorbike racer, 45, killed in accident at Castrol Raceway near Edmonton","Jul 19, 2020"
"Update from the Icefield: Victims in critical condition suffer from head and pelvis injuries, AHS says","Jul 20, 2020"
"'Pandemic fatigue' setting in, says infectious disease expert","Jul 19, 2020"
Skateboarder suspected in Saturday stabbing spree facing multiple charges: EPS,"Jul 19, 2020"
,
"One dead, three injured in ATV crash near Rocky Mountain House","Jul 18, 2020"
"Beachgoers respond to new Sylvan Lake overcrowding measures, officials say","Jul 19, 2020"
Update: Police arrest skateboarding suspect allegedly involved in stabbing spree,"Jul 19, 2020"
Thefts at Alcanna liquor stores way down during COVID-19 pandemic,"Jul 18, 2020"
South Edmonton home where man died was being rented on Airbnb: neighbours,"Jul 19, 2020"
Police warn about release of sexual offender,"Jul 19, 2020"
title,date
,
"Update from the Icefield: Victims in critical condition suffer from head and pelvis injuries, AHS says","Jul 20, 2020"
"'Pandemic fatigue' setting in, says infectious disease expert","Jul 19, 2020"
"Three dead, 14 in critical condition after off-road tour vehicle rolls over in Jasper National Park","Jul 19, 2020"
Skateboarder suspected in Saturday stabbing spree facing multiple charges: EPS,"Jul 19, 2020"
"Beachgoers respond to new Sylvan Lake overcrowding measures, officials say","Jul 19, 2020"
,
"Motorbike racer, 45, killed in accident at Castrol Raceway near Edmonton","Jul 19, 2020"
"One dead, three injured in ATV crash near Rocky Mountain House","Jul 18, 2020"
South Edmonton home where man died was being rented on Airbnb: neighbours,"Jul 19, 2020"
Thefts at Alcanna liquor stores way down during COVID-19 pandemic,"Jul 18, 2020"
Police warn about release of sexual offender,"Jul 19, 2020"
Update: Police arrest skateboarding suspect allegedly involved in stabbing spree,"Jul 19, 2020"
title,date
,
"Three dead, 14 in critical condition after off-road tour vehicle rolls over in Jasper National Park","Jul 19, 2020"
Skateboarder suspected in Saturday stabbing spree facing multiple charges: EPS,"Jul 19, 2020"
"Update from the Icefield: Victims in critical condition suffer from head and pelvis injuries, AHS says","Jul 20, 2020"
"'Pandemic fatigue' setting in, says infectious disease expert","Jul 19, 2020"
"Beachgoers respond to new Sylvan Lake overcrowding measures, officials say","Jul 19, 2020"
"One dead, three injured in ATV crash near Rocky Mountain House","Jul 18, 2020"
"Motorbike racer, 45, killed in accident at Castrol Raceway near Edmonton","Jul 19, 2020"
,
Thefts at Alcanna liquor stores way down during COVID-19 pandemic,"Jul 18, 2020"
South Edmonton home where man died was being rented on Airbnb: neighbours,"Jul 19, 2020"
Update: Police arrest skateboarding suspect allegedly involved in stabbing spree,"Jul 19, 2020"
Police warn about release of sexual offender,"Jul 19, 2020"
title,date
,
"'Pandemic fatigue' setting in, says infectious disease expert","Jul 19, 2020"
"Three dead, 14 in critical condition after off-road tour vehicle rolls over in Jasper National Park","Jul 19, 2020"
"Motorbike racer, 45, killed in accident at Castrol Raceway near Edmonton","Jul 19, 2020"
"Update from the Icefield: Victims in critical condition suffer from head and pelvis injuries, AHS says","Jul 20, 2020"
Skateboarder suspected in Saturday stabbing spree facing multiple charges: EPS,"Jul 19, 2020"
"Beachgoers respond to new Sylvan Lake overcrowding measures, officials say","Jul 19, 2020"
,
"One dead, three injured in ATV crash near Rocky Mountain House","Jul 18, 2020"
Police warn about release of sexual offender,"Jul 19, 2020"
Update: Police arrest skateboarding suspect allegedly involved in stabbing spree,"Jul 19, 2020"
South Edmonton home where man died was being rented on Airbnb: neighbours,"Jul 19, 2020"
Thefts at Alcanna liquor stores way down during COVID-19 pandemic,"Jul 18, 2020"
title,date
,
"Three dead, 14 in critical condition after off-road tour vehicle rolls over in Jasper National Park","Jul 19, 2020"
"'Pandemic fatigue' setting in, says infectious disease expert","Jul 19, 2020"
Skateboarder suspected in Saturday stabbing spree facing multiple charges: EPS,"Jul 19, 2020"
"Update from the Icefield: Victims in critical condition suffer from head and pelvis injuries, AHS says","Jul 20, 2020"
"Motorbike racer, 45, killed in accident at Castrol Raceway near Edmonton","Jul 19, 2020"
"One dead, three injured in ATV crash near Rocky Mountain House","Jul 18, 2020"
"Beachgoers respond to new Sylvan Lake overcrowding measures, officials say","Jul 19, 2020"
,
Thefts at Alcanna liquor stores way down during COVID-19 pandemic,"Jul 18, 2020"
Update: Police arrest skateboarding suspect allegedly involved in stabbing spree,"Jul 19, 2020"
Police warn about release of sexual offender,"Jul 19, 2020"
South Edmonton home where man died was being rented on Airbnb: neighbours,"Jul 19, 2020"
title,date
,
"Three dead, 14 in critical condition after off-road tour vehicle rolls over in Jasper National Park","Jul 19, 2020"
Skateboarder suspected in Saturday stabbing spree facing multiple charges: EPS,"Jul 19, 2020"
"'Pandemic fatigue' setting in, says infectious disease expert","Jul 19, 2020"
"Update from the Icefield: Victims in critical condition suffer from head and pelvis injuries, AHS says","Jul 20, 2020"
,
"Motorbike racer, 45, killed in accident at Castrol Raceway near Edmonton","Jul 19, 2020"
"One dead, three injured in ATV crash near Rocky Mountain House","Jul 18, 2020"
South Edmonton home where man died was being rented on Airbnb: neighbours,"Jul 19, 2020"
"Beachgoers respond to new Sylvan Lake overcrowding measures, officials say","Jul 19, 2020"
Police warn about release of sexual offender,"Jul 19, 2020"
Thefts at Alcanna liquor stores way down during COVID-19 pandemic,"Jul 18, 2020"
Update: Police arrest skateboarding suspect allegedly involved in stabbing spree,"Jul 19, 2020"
title,date
,
"'Pandemic fatigue' setting in, says infectious disease expert","Jul 19, 2020"
"Update from the Icefield: Victims in critical condition suffer from head and pelvis injuries, AHS says","Jul 20, 2020"
"Three dead, 14 in critical condition after off-road tour vehicle rolls over in Jasper National Park","Jul 19, 2020"
Skateboarder suspected in Saturday stabbing spree facing multiple charges: EPS,"Jul 19, 2020"
"Beachgoers respond to new Sylvan Lake overcrowding measures, officials say","Jul 19, 2020"
"One dead, three injured in ATV crash near Rocky Mountain House","Jul 18, 2020"
"Motorbike racer, 45, killed in accident at Castrol Raceway near Edmonton","Jul 19, 2020"
,
South Edmonton home where man died was being rented on Airbnb: neighbours,"Jul 19, 2020"
Update: Police arrest skateboarding suspect allegedly involved in stabbing spree,"Jul 19, 2020"
Police warn about release of sexual offender,"Jul 19, 2020"
Thefts at Alcanna liquor stores way down during COVID-19 pandemic,"Jul 18, 2020"
title,date
,
"Update from the Icefield: Victims in critical condition suffer from head and pelvis injuries, AHS says","Jul 20, 2020"
"Three dead, 14 in critical condition after off-road tour vehicle rolls over in Jasper National Park","Jul 19, 2020"
"'Pandemic fatigue' setting in, says infectious disease expert","Jul 19, 2020"
Skateboarder suspected in Saturday stabbing spree facing multiple charges: EPS,"Jul 19, 2020"
"Motorbike racer, 45, killed in accident at Castrol Raceway near Edmonton","Jul 19, 2020"
,
"One dead, three injured in ATV crash near Rocky Mountain House","Jul 18, 2020"
"Beachgoers respond to new Sylvan Lake overcrowding measures, officials say","Jul 19, 2020"
South Edmonton home where man died was being rented on Airbnb: neighbours,"Jul 19, 2020"
Police warn about release of sexual offender,"Jul 19, 2020"
Thefts at Alcanna liquor stores way down during COVID-19 pandemic,"Jul 18, 2020"
Update: Police arrest skateboarding suspect allegedly involved in stabbing spree,"Jul 19, 2020"
title,date
,
"'Pandemic fatigue' setting in, says infectious disease expert","Jul 19, 2020"
Skateboarder suspected in Saturday stabbing spree facing multiple charges: EPS,"Jul 19, 2020"
"Three dead, 14 in critical condition after off-road tour vehicle rolls over in Jasper National Park","Jul 19, 2020"
"Update from the Icefield: Victims in critical condition suffer from head and pelvis injuries, AHS says","Jul 20, 2020"
"Motorbike racer, 45, killed in accident at Castrol Raceway near Edmonton","Jul 19, 2020"
,
"Beachgoers respond to new Sylvan Lake overcrowding measures, officials say","Jul 19, 2020"
"One dead, three injured in ATV crash near Rocky Mountain House","Jul 18, 2020"
South Edmonton home where man died was being rented on Airbnb: neighbours,"Jul 19, 2020"
Thefts at Alcanna liquor stores way down during COVID-19 pandemic,"Jul 18, 2020"
Update: Police arrest skateboarding suspect allegedly involved in stabbing spree,"Jul 19, 2020"
Police warn about release of sexual offender,"Jul 19, 2020"
